,name,psnr,ssim
0,test001,28.450851456709977,0.91018424859948
1,Average,28.450851456709977,0.91018424859948
